{"cameraMode":{"drawMode":0,"name":"Shaded","section":"Shading Mode"},"sceneLighting":true,"audioPlay":false,"sceneViewState":{"m_AlwaysRefresh":false,"showFog":true,"showSkybox":true,"showFlares":true,"showImageEffects":true,"showParticleSystems":true,"showVisualEffectGraphs":true,"m_FxEnabled":true},"in2DMode":false,"pivot":{"x":-3.48663592338562,"y":-1.051607608795166,"z":-1.4422502517700196},"rotation":{"x":-0.0013322498416528106,"y":-0.9737479090690613,"z":0.22780264914035798,"w":-0.005873785354197025},"size":12.651021003723145,"orthographic":false}