{"cameraMode":{"drawMode":0,"name":"Shaded","section":"Shading Mode"},"sceneLighting":false,"audioPlay":false,"sceneViewState":{"m_AlwaysRefresh":false,"showFog":true,"showSkybox":false,"showFlares":true,"showImageEffects":true,"showParticleSystems":true,"showVisualEffectGraphs":true,"m_FxEnabled":true},"in2DMode":false,"pivot":{"x":0.03446531295776367,"y":0.13044065237045289,"z":0.3001006841659546},"rotation":{"x":0.09944148361682892,"y":-0.8003707528114319,"z":0.1384664922952652,"w":0.5747714638710022},"size":4.419100761413574,"orthographic":false}