{"cameraMode":{"drawMode":0,"name":"Shaded","section":"Shading Mode"},"sceneLighting":false,"audioPlay":false,"sceneViewState":{"m_AlwaysRefresh":false,"showFog":true,"showSkybox":false,"showFlares":true,"showImageEffects":true,"showParticleSystems":true,"showVisualEffectGraphs":true,"m_FxEnabled":true},"in2DMode":false,"pivot":{"x":-0.4712621569633484,"y":0.5522531867027283,"z":-0.7357734441757202},"rotation":{"x":-0.034947119653224948,"y":-0.9552257061004639,"z":0.12566928565502168,"w":-0.26560887694358828},"size":1.6578693389892579,"orthographic":false}