{"cameraMode":{"drawMode":0,"name":"Shaded","section":"Shading Mode"},"sceneLighting":false,"audioPlay":false,"sceneViewState":{"m_AlwaysRefresh":false,"showFog":true,"showSkybox":false,"showFlares":true,"showImageEffects":true,"showParticleSystems":true,"showVisualEffectGraphs":true,"m_FxEnabled":true},"in2DMode":false,"pivot":{"x":-1.7397234439849854,"y":0.6633435487747192,"z":-0.03847348690032959},"rotation":{"x":0.031108882278203965,"y":-0.7944879531860352,"z":0.040780261158943179,"w":0.6051974296569824},"size":3.2804133892059328,"orthographic":false}